timestamp,ticker,price,dividend,pe_ratio,usd_ils
2021-02-24 00:00:00,TSLA,247.34,0.0,,3.65
2021-02-25 00:00:00,TSLA,227.41,0.0,,3.65
2021-02-26 00:00:00,TSLA,225.17,0.0,,3.65
2021-03-01 00:00:00,TSLA,239.48,0.0,,3.65
2021-03-02 00:00:00,TSLA,228.81,0.0,,3.65
2021-03-03 00:00:00,TSLA,217.73,0.0,,3.65
2021-03-04 00:00:00,TSLA,207.15,0.0,,3.65
2021-03-05 00:00:00,TSLA,199.32,0.0,,3.65
2021-03-08 00:00:00,TSLA,187.67,0.0,,3.65
2021-03-09 00:00:00,TSLA,224.53,0.0,,3.65
2021-03-10 00:00:00,TSLA,222.69,0.0,,3.65
2021-03-11 00:00:00,TSLA,233.2,0.0,,3.65
2021-03-12 00:00:00,TSLA,231.24,0.0,,3.65
2021-03-15 00:00:00,TSLA,235.98,0.0,,3.65
2021-03-16 00:00:00,TSLA,225.63,0.0,,3.65
2021-03-17 00:00:00,TSLA,233.94,0.0,,3.65
2021-03-18 00:00:00,TSLA,217.72,0.0,,3.65
2021-03-19 00:00:00,TSLA,218.29,0.0,,3.65
2021-03-22 00:00:00,TSLA,223.33,0.0,,3.65
2021-03-23 00:00:00,TSLA,220.72,0.0,,3.65
2021-03-24 00:00:00,TSLA,210.09,0.0,,3.65
2021-03-25 00:00:00,TSLA,213.46,0.0,,3.65
2021-03-26 00:00:00,TSLA,206.24,0.0,,3.65
2021-03-29 00:00:00,TSLA,203.76,0.0,,3.65
2021-03-30 00:00:00,TSLA,211.87,0.0,,3.65
2021-03-31 00:00:00,TSLA,222.64,0.0,,3.65
2021-04-01 00:00:00,TSLA,220.58,0.0,,3.65
2021-04-05 00:00:00,TSLA,230.35,0.0,,3.65
2021-04-06 00:00:00,TSLA,230.54,0.0,,3.65
2021-04-07 00:00:00,TSLA,223.66,0.0,,3.65
2021-04-08 00:00:00,TSLA,227.93,0.0,,3.65
2021-04-09 00:00:00,TSLA,225.67,0.0,,3.65
2021-04-12 00:00:00,TSLA,233.99,0.0,,3.65
2021-04-13 00:00:00,TSLA,254.11,0.0,,3.65
2021-04-14 00:00:00,TSLA,244.08,0.0,,3.65
2021-04-15 00:00:00,TSLA,246.28,0.0,,3.65
2021-04-16 00:00:00,TSLA,246.59,0.0,,3.65
2021-04-19 00:00:00,TSLA,238.21,0.0,,3.65
2021-04-20 00:00:00,TSLA,239.66,0.0,,3.65
2021-04-21 00:00:00,TSLA,248.04,0.0,,3.65
2021-04-22 00:00:00,TSLA,239.9,0.0,,3.65
2021-04-23 00:00:00,TSLA,243.13,0.0,,3.65
2021-04-26 00:00:00,TSLA,246.07,0.0,,3.65
2021-04-27 00:00:00,TSLA,234.91,0.0,,3.65
2021-04-28 00:00:00,TSLA,231.47,0.0,,3.65
2021-04-29 00:00:00,TSLA,225.67,0.0,,3.65
2021-04-30 00:00:00,TSLA,236.48,0.0,,3.65
2021-05-03 00:00:00,TSLA,228.3,0.0,,3.65
2021-05-04 00:00:00,TSLA,224.53,0.0,,3.65
2021-05-05 00:00:00,TSLA,223.65,0.0,,3.65
2021-05-06 00:00:00,TSLA,221.18,0.0,,3.65
2021-05-07 00:00:00,TSLA,224.12,0.0,,3.65
2021-05-10 00:00:00,TSLA,209.68,0.0,,3.65
2021-05-11 00:00:00,TSLA,205.73,0.0,,3.65
2021-05-12 00:00:00,TSLA,196.63,0.0,,3.65
2021-05-13 00:00:00,TSLA,190.56,0.0,,3.65
2021-05-14 00:00:00,TSLA,196.58,0.0,,3.65
2021-05-17 00:00:00,TSLA,192.28,0.0,,3.65
2021-05-18 00:00:00,TSLA,192.62,0.0,,3.65
2021-05-19 00:00:00,TSLA,187.82,0.0,,3.65
2021-05-20 00:00:00,TSLA,195.59,0.0,,3.65
2021-05-21 00:00:00,TSLA,193.63,0.0,,3.65
2021-05-24 00:00:00,TSLA,202.15,0.0,,3.65
2021-05-25 00:00:00,TSLA,201.56,0.0,,3.65
2021-05-26 00:00:00,TSLA,206.38,0.0,,3.65
2021-05-27 00:00:00,TSLA,210.28,0.0,,3.65
2021-05-28 00:00:00,TSLA,208.41,0.0,,3.65
2021-06-01 00:00:00,TSLA,207.97,0.0,,3.65
2021-06-02 00:00:00,TSLA,201.71,0.0,,3.65
2021-06-03 00:00:00,TSLA,190.95,0.0,,3.65
2021-06-04 00:00:00,TSLA,199.68,0.0,,3.65
2021-06-07 00:00:00,TSLA,201.71,0.0,,3.65
2021-06-08 00:00:00,TSLA,201.2,0.0,,3.65
2021-06-09 00:00:00,TSLA,199.59,0.0,,3.65
2021-06-10 00:00:00,TSLA,203.37,0.0,,3.65
2021-06-11 00:00:00,TSLA,203.3,0.0,,3.65
2021-06-14 00:00:00,TSLA,205.9,0.0,,3.65
2021-06-15 00:00:00,TSLA,199.79,0.0,,3.65
2021-06-16 00:00:00,TSLA,201.62,0.0,,3.65
2021-06-17 00:00:00,TSLA,205.53,0.0,,3.65
2021-06-18 00:00:00,TSLA,207.77,0.0,,3.65
2021-06-21 00:00:00,TSLA,206.94,0.0,,3.65
2021-06-22 00:00:00,TSLA,207.9,0.0,,3.65
2021-06-23 00:00:00,TSLA,218.86,0.0,,3.65
2021-06-24 00:00:00,TSLA,226.61,0.0,,3.65
2021-06-25 00:00:00,TSLA,223.96,0.0,,3.65
2021-06-28 00:00:00,TSLA,229.57,0.0,,3.65
2021-06-29 00:00:00,TSLA,226.92,0.0,,3.65
2021-06-30 00:00:00,TSLA,226.57,0.0,,3.65
2021-07-01 00:00:00,TSLA,225.97,0.0,,3.65
2021-07-02 00:00:00,TSLA,226.3,0.0,,3.65
2021-07-06 00:00:00,TSLA,219.86,0.0,,3.65
2021-07-07 00:00:00,TSLA,214.88,0.0,,3.65
2021-07-08 00:00:00,TSLA,217.6,0.0,,3.65
2021-07-09 00:00:00,TSLA,218.98,0.0,,3.65
2021-07-12 00:00:00,TSLA,228.57,0.0,,3.65
2021-07-13 00:00:00,TSLA,222.85,0.0,,3.65
2021-07-14 00:00:00,TSLA,217.79,0.0,,3.65
2021-07-15 00:00:00,TSLA,216.87,0.0,,3.65
2021-07-16 00:00:00,TSLA,214.74,0.0,,3.65
2021-07-19 00:00:00,TSLA,215.41,0.0,,3.65
2021-07-20 00:00:00,TSLA,220.17,0.0,,3.65
2021-07-21 00:00:00,TSLA,218.43,0.0,,3.65
2021-07-22 00:00:00,TSLA,216.42,0.0,,3.65
2021-07-23 00:00:00,TSLA,214.46,0.0,,3.65
2021-07-26 00:00:00,TSLA,219.21,0.0,,3.65
2021-07-27 00:00:00,TSLA,214.93,0.0,,3.65
2021-07-28 00:00:00,TSLA,215.66,0.0,,3.65
2021-07-29 00:00:00,TSLA,225.78,0.0,,3.65
2021-07-30 00:00:00,TSLA,229.07,0.0,,3.65
2021-08-02 00:00:00,TSLA,236.56,0.0,,3.65
2021-08-03 00:00:00,TSLA,236.58,0.0,,3.65
2021-08-04 00:00:00,TSLA,236.97,0.0,,3.65
2021-08-05 00:00:00,TSLA,238.21,0.0,,3.65
2021-08-06 00:00:00,TSLA,233.03,0.0,,3.65
2021-08-09 00:00:00,TSLA,237.92,0.0,,3.65
2021-08-10 00:00:00,TSLA,236.66,0.0,,3.65
2021-08-11 00:00:00,TSLA,235.94,0.0,,3.65
2021-08-12 00:00:00,TSLA,240.75,0.0,,3.65
2021-08-13 00:00:00,TSLA,239.06,0.0,,3.65
2021-08-16 00:00:00,TSLA,228.72,0.0,,3.65
2021-08-17 00:00:00,TSLA,221.9,0.0,,3.65
2021-08-18 00:00:00,TSLA,229.66,0.0,,3.65
2021-08-19 00:00:00,TSLA,224.49,0.0,,3.65
2021-08-20 00:00:00,TSLA,226.75,0.0,,3.65
2021-08-23 00:00:00,TSLA,235.43,0.0,,3.65
2021-08-24 00:00:00,TSLA,236.16,0.0,,3.65
2021-08-25 00:00:00,TSLA,237.07,0.0,,3.65
2021-08-26 00:00:00,TSLA,233.72,0.0,,3.65
2021-08-27 00:00:00,TSLA,237.31,0.0,,3.65
2021-08-30 00:00:00,TSLA,243.64,0.0,,3.65
2021-08-31 00:00:00,TSLA,245.24,0.0,,3.65
2021-09-01 00:00:00,TSLA,244.7,0.0,,3.65
2021-09-02 00:00:00,TSLA,244.13,0.0,,3.65
2021-09-03 00:00:00,TSLA,244.52,0.0,,3.65
2021-09-07 00:00:00,TSLA,250.97,0.0,,3.65
2021-09-08 00:00:00,TSLA,251.29,0.0,,3.65
2021-09-09 00:00:00,TSLA,251.62,0.0,,3.65
2021-09-10 00:00:00,TSLA,245.42,0.0,,3.65
2021-09-13 00:00:00,TSLA,247.67,0.0,,3.65
2021-09-14 00:00:00,TSLA,248.16,0.0,,3.65
2021-09-15 00:00:00,TSLA,251.94,0.0,,3.65
2021-09-16 00:00:00,TSLA,252.33,0.0,,3.65
2021-09-17 00:00:00,TSLA,253.16,0.0,,3.65
2021-09-20 00:00:00,TSLA,243.39,0.0,,3.65
2021-09-21 00:00:00,TSLA,246.46,0.0,,3.65
2021-09-22 00:00:00,TSLA,250.65,0.0,,3.65
2021-09-23 00:00:00,TSLA,251.21,0.0,,3.65
2021-09-24 00:00:00,TSLA,258.13,0.0,,3.65
2021-09-27 00:00:00,TSLA,263.79,0.0,,3.65
2021-09-28 00:00:00,TSLA,259.19,0.0,,3.65
2021-09-29 00:00:00,TSLA,260.44,0.0,,3.65
2021-09-30 00:00:00,TSLA,258.49,0.0,,3.65
2021-10-01 00:00:00,TSLA,258.41,0.0,,3.65
2021-10-04 00:00:00,TSLA,260.51,0.0,,3.65
2021-10-05 00:00:00,TSLA,260.2,0.0,,3.65
2021-10-06 00:00:00,TSLA,260.92,0.0,,3.65
2021-10-07 00:00:00,TSLA,264.54,0.0,,3.65
2021-10-08 00:00:00,TSLA,261.83,0.0,,3.65
2021-10-11 00:00:00,TSLA,263.98,0.0,,3.65
2021-10-12 00:00:00,TSLA,268.57,0.0,,3.65
2021-10-13 00:00:00,TSLA,270.36,0.0,,3.65
2021-10-14 00:00:00,TSLA,272.77,0.0,,3.65
2021-10-15 00:00:00,TSLA,281.01,0.0,,3.65
2021-10-18 00:00:00,TSLA,290.04,0.0,,3.65
2021-10-19 00:00:00,TSLA,288.09,0.0,,3.65
2021-10-20 00:00:00,TSLA,288.6,0.0,,3.65
2021-10-21 00:00:00,TSLA,298.0,0.0,,3.65
2021-10-22 00:00:00,TSLA,303.23,0.0,,3.65
2021-10-25 00:00:00,TSLA,341.62,0.0,,3.65
2021-10-26 00:00:00,TSLA,339.48,0.0,,3.65
2021-10-27 00:00:00,TSLA,345.95,0.0,,3.65
2021-10-28 00:00:00,TSLA,359.01,0.0,,3.65
2021-10-29 00:00:00,TSLA,371.33,0.0,,3.65
2021-11-01 00:00:00,TSLA,402.86,0.0,,3.65
2021-11-02 00:00:00,TSLA,390.67,0.0,,3.65
2021-11-03 00:00:00,TSLA,404.62,0.0,,3.65
2021-11-04 00:00:00,TSLA,409.97,0.0,,3.65
2021-11-05 00:00:00,TSLA,407.36,0.0,,3.65
2021-11-08 00:00:00,TSLA,387.65,0.0,,3.65
2021-11-09 00:00:00,TSLA,341.17,0.0,,3.65
2021-11-10 00:00:00,TSLA,355.98,0.0,,3.65
2021-11-11 00:00:00,TSLA,354.5,0.0,,3.65
2021-11-12 00:00:00,TSLA,344.47,0.0,,3.65
2021-11-15 00:00:00,TSLA,337.8,0.0,,3.65
2021-11-16 00:00:00,TSLA,351.58,0.0,,3.65
2021-11-17 00:00:00,TSLA,363.0,0.0,,3.65
2021-11-18 00:00:00,TSLA,365.46,0.0,,3.65
2021-11-19 00:00:00,TSLA,379.02,0.0,,3.65
2021-11-22 00:00:00,TSLA,385.62,0.0,,3.65
2021-11-23 00:00:00,TSLA,369.68,0.0,,3.65
2021-11-24 00:00:00,TSLA,372.0,0.0,,3.65
2021-11-26 00:00:00,TSLA,360.64,0.0,,3.65
2021-11-29 00:00:00,TSLA,379.0,0.0,,3.65
2021-11-30 00:00:00,TSLA,381.59,0.0,,3.65
2021-12-01 00:00:00,TSLA,365.0,0.0,,3.65
2021-12-02 00:00:00,TSLA,361.53,0.0,,3.65
2021-12-03 00:00:00,TSLA,338.32,0.0,,3.65
2021-12-06 00:00:00,TSLA,336.34,0.0,,3.65
2021-12-07 00:00:00,TSLA,350.58,0.0,,3.65
2021-12-08 00:00:00,TSLA,356.32,0.0,,3.65
2021-12-09 00:00:00,TSLA,334.6,0.0,,3.65
2021-12-10 00:00:00,TSLA,339.01,0.0,,3.65
2021-12-13 00:00:00,TSLA,322.14,0.0,,3.65
2021-12-14 00:00:00,TSLA,319.5,0.0,,3.65
2021-12-15 00:00:00,TSLA,325.33,0.0,,3.65
2021-12-16 00:00:00,TSLA,308.97,0.0,,3.65
2021-12-17 00:00:00,TSLA,310.86,0.0,,3.65
2021-12-20 00:00:00,TSLA,299.98,0.0,,3.65
2021-12-21 00:00:00,TSLA,312.84,0.0,,3.65
2021-12-22 00:00:00,TSLA,336.29,0.0,,3.65
2021-12-23 00:00:00,TSLA,355.67,0.0,,3.65
2021-12-27 00:00:00,TSLA,364.65,0.0,,3.65
2021-12-28 00:00:00,TSLA,362.82,0.0,,3.65
2021-12-29 00:00:00,TSLA,362.06,0.0,,3.65
2021-12-30 00:00:00,TSLA,356.78,0.0,,3.65
2021-12-31 00:00:00,TSLA,352.26,0.0,,3.65
2022-01-03 00:00:00,TSLA,399.93,0.0,,3.65
2022-01-04 00:00:00,TSLA,383.2,0.0,,3.65
2022-01-05 00:00:00,TSLA,362.71,0.0,,3.65
2022-01-06 00:00:00,TSLA,354.9,0.0,,3.65
2022-01-07 00:00:00,TSLA,342.32,0.0,,3.65
2022-01-10 00:00:00,TSLA,352.71,0.0,,3.65
2022-01-11 00:00:00,TSLA,354.8,0.0,,3.65
2022-01-12 00:00:00,TSLA,368.74,0.0,,3.65
2022-01-13 00:00:00,TSLA,343.85,0.0,,3.65
2022-01-14 00:00:00,TSLA,349.87,0.0,,3.65
2022-01-18 00:00:00,TSLA,343.5,0.0,,3.65
2022-01-19 00:00:00,TSLA,331.88,0.0,,3.65
2022-01-20 00:00:00,TSLA,332.09,0.0,,3.65
2022-01-21 00:00:00,TSLA,314.63,0.0,,3.65
2022-01-24 00:00:00,TSLA,310.0,0.0,,3.65
2022-01-25 00:00:00,TSLA,306.13,0.0,,3.65
2022-01-26 00:00:00,TSLA,312.47,0.0,,3.65
2022-01-27 00:00:00,TSLA,276.37,0.0,,3.65
2022-01-28 00:00:00,TSLA,282.12,0.0,,3.65
2022-01-31 00:00:00,TSLA,312.24,0.0,,3.65
2022-02-01 00:00:00,TSLA,310.42,0.0,,3.65
2022-02-02 00:00:00,TSLA,301.89,0.0,,3.65
2022-02-03 00:00:00,TSLA,297.05,0.0,,3.65
2022-02-04 00:00:00,TSLA,307.77,0.0,,3.65
2022-02-07 00:00:00,TSLA,302.45,0.0,,3.65
2022-02-08 00:00:00,TSLA,307.33,0.0,,3.65
2022-02-09 00:00:00,TSLA,310.67,0.0,,3.65
2022-02-10 00:00:00,TSLA,301.52,0.0,,3.65
2022-02-11 00:00:00,TSLA,286.67,0.0,,3.65
2022-02-14 00:00:00,TSLA,291.92,0.0,,3.65
2022-02-15 00:00:00,TSLA,307.48,0.0,,3.65
2022-02-16 00:00:00,TSLA,307.8,0.0,,3.65
2022-02-17 00:00:00,TSLA,292.12,0.0,,3.65
2022-02-18 00:00:00,TSLA,285.66,0.0,,3.65
2022-02-22 00:00:00,TSLA,273.84,0.0,,3.65
2022-02-23 00:00:00,TSLA,254.68,0.0,,3.65
2022-02-24 00:00:00,TSLA,266.92,0.0,,3.65
2022-02-25 00:00:00,TSLA,269.96,0.0,,3.65
2022-02-28 00:00:00,TSLA,290.14,0.0,,3.65
2022-03-01 00:00:00,TSLA,288.12,0.0,,3.65
2022-03-02 00:00:00,TSLA,293.3,0.0,,3.65
2022-03-03 00:00:00,TSLA,279.76,0.0,,3.65
2022-03-04 00:00:00,TSLA,279.43,0.0,,3.65
2022-03-07 00:00:00,TSLA,268.19,0.0,,3.65
2022-03-08 00:00:00,TSLA,274.8,0.0,,3.65
2022-03-09 00:00:00,TSLA,286.32,0.0,,3.65
2022-03-10 00:00:00,TSLA,279.43,0.0,,3.65
2022-03-11 00:00:00,TSLA,265.12,0.0,,3.65
2022-03-14 00:00:00,TSLA,255.46,0.0,,3.65
2022-03-15 00:00:00,TSLA,267.3,0.0,,3.65
2022-03-16 00:00:00,TSLA,280.08,0.0,,3.65
2022-03-17 00:00:00,TSLA,290.53,0.0,,3.65
2022-03-18 00:00:00,TSLA,301.8,0.0,,3.65
2022-03-21 00:00:00,TSLA,307.05,0.0,,3.65
2022-03-22 00:00:00,TSLA,331.33,0.0,,3.65
2022-03-23 00:00:00,TSLA,333.04,0.0,,3.65
2022-03-24 00:00:00,TSLA,337.97,0.0,,3.65
2022-03-25 00:00:00,TSLA,336.88,0.0,,3.65
2022-03-28 00:00:00,TSLA,363.95,0.0,,3.65
2022-03-29 00:00:00,TSLA,366.52,0.0,,3.65
2022-03-30 00:00:00,TSLA,364.66,0.0,,3.65
2022-03-31 00:00:00,TSLA,359.2,0.0,,3.65
2022-04-01 00:00:00,TSLA,361.53,0.0,,3.65
2022-04-04 00:00:00,TSLA,381.82,0.0,,3.65
2022-04-05 00:00:00,TSLA,363.75,0.0,,3.65
2022-04-06 00:00:00,TSLA,348.59,0.0,,3.65
2022-04-07 00:00:00,TSLA,352.42,0.0,,3.65
2022-04-08 00:00:00,TSLA,341.83,0.0,,3.65
2022-04-11 00:00:00,TSLA,325.31,0.0,,3.65
2022-04-12 00:00:00,TSLA,328.98,0.0,,3.65
2022-04-13 00:00:00,TSLA,340.79,0.0,,3.65
2022-04-14 00:00:00,TSLA,328.33,0.0,,3.65
2022-04-18 00:00:00,TSLA,334.76,0.0,,3.65
2022-04-19 00:00:00,TSLA,342.72,0.0,,3.65
2022-04-20 00:00:00,TSLA,325.73,0.0,,3.65
2022-04-21 00:00:00,TSLA,336.26,0.0,,3.65
2022-04-22 00:00:00,TSLA,335.02,0.0,,3.65
2022-04-25 00:00:00,TSLA,332.67,0.0,,3.65
2022-04-26 00:00:00,TSLA,292.14,0.0,,3.65
2022-04-27 00:00:00,TSLA,293.84,0.0,,3.65
2022-04-28 00:00:00,TSLA,292.5,0.0,,3.65
2022-04-29 00:00:00,TSLA,290.25,0.0,,3.65
2022-05-02 00:00:00,TSLA,300.98,0.0,,3.65
2022-05-03 00:00:00,TSLA,303.08,0.0,,3.65
2022-05-04 00:00:00,TSLA,317.54,0.0,,3.65
2022-05-05 00:00:00,TSLA,291.09,0.0,,3.65
2022-05-06 00:00:00,TSLA,288.55,0.0,,3.65
2022-05-09 00:00:00,TSLA,262.37,0.0,,3.65
2022-05-10 00:00:00,TSLA,266.68,0.0,,3.65
2022-05-11 00:00:00,TSLA,244.67,0.0,,3.65
2022-05-12 00:00:00,TSLA,242.67,0.0,,3.65
2022-05-13 00:00:00,TSLA,256.53,0.0,,3.65
2022-05-16 00:00:00,TSLA,241.46,0.0,,3.65
2022-05-17 00:00:00,TSLA,253.87,0.0,,3.65
2022-05-18 00:00:00,TSLA,236.6,0.0,,3.65
2022-05-19 00:00:00,TSLA,236.47,0.0,,3.65
2022-05-20 00:00:00,TSLA,221.3,0.0,,3.65
2022-05-23 00:00:00,TSLA,224.97,0.0,,3.65
2022-05-24 00:00:00,TSLA,209.39,0.0,,3.65
2022-05-25 00:00:00,TSLA,219.6,0.0,,3.65
2022-05-26 00:00:00,TSLA,235.91,0.0,,3.65
2022-05-27 00:00:00,TSLA,253.21,0.0,,3.65
2022-05-31 00:00:00,TSLA,252.75,0.0,,3.65
2022-06-01 00:00:00,TSLA,246.79,0.0,,3.65
2022-06-02 00:00:00,TSLA,258.33,0.0,,3.65
2022-06-03 00:00:00,TSLA,234.52,0.0,,3.65
2022-06-06 00:00:00,TSLA,238.28,0.0,,3.65
2022-06-07 00:00:00,TSLA,238.89,0.0,,3.65
2022-06-08 00:00:00,TSLA,241.87,0.0,,3.65
2022-06-09 00:00:00,TSLA,239.71,0.0,,3.65
2022-06-10 00:00:00,TSLA,232.23,0.0,,3.65
2022-06-13 00:00:00,TSLA,215.74,0.0,,3.65
2022-06-14 00:00:00,TSLA,220.89,0.0,,3.65
2022-06-15 00:00:00,TSLA,233.0,0.0,,3.65
2022-06-16 00:00:00,TSLA,213.1,0.0,,3.65
2022-06-17 00:00:00,TSLA,216.76,0.0,,3.65
2022-06-21 00:00:00,TSLA,237.04,0.0,,3.65
2022-06-22 00:00:00,TSLA,236.09,0.0,,3.65
2022-06-23 00:00:00,TSLA,235.07,0.0,,3.65
2022-06-24 00:00:00,TSLA,245.71,0.0,,3.65
2022-06-27 00:00:00,TSLA,244.92,0.0,,3.65
2022-06-28 00:00:00,TSLA,232.66,0.0,,3.65
2022-06-29 00:00:00,TSLA,228.49,0.0,,3.65
2022-06-30 00:00:00,TSLA,224.47,0.0,,3.65
2022-07-01 00:00:00,TSLA,227.26,0.0,,3.65
2022-07-05 00:00:00,TSLA,233.07,0.0,,3.65
2022-07-06 00:00:00,TSLA,231.73,0.0,,3.65
2022-07-07 00:00:00,TSLA,244.54,0.0,,3.65
2022-07-08 00:00:00,TSLA,250.76,0.0,,3.65
2022-07-11 00:00:00,TSLA,234.34,0.0,,3.65
2022-07-12 00:00:00,TSLA,233.07,0.0,,3.65
2022-07-13 00:00:00,TSLA,237.04,0.0,,3.65
2022-07-14 00:00:00,TSLA,238.31,0.0,,3.65
2022-07-15 00:00:00,TSLA,240.07,0.0,,3.65
2022-07-18 00:00:00,TSLA,240.55,0.0,,3.65
2022-07-19 00:00:00,TSLA,245.53,0.0,,3.65
2022-07-20 00:00:00,TSLA,247.5,0.0,,3.65
2022-07-21 00:00:00,TSLA,271.71,0.0,,3.65
2022-07-22 00:00:00,TSLA,272.24,0.0,,3.65
2022-07-25 00:00:00,TSLA,268.43,0.0,,3.65
2022-07-26 00:00:00,TSLA,258.86,0.0,,3.65
2022-07-27 00:00:00,TSLA,274.82,0.0,,3.65
2022-07-28 00:00:00,TSLA,280.9,0.0,,3.65
2022-07-29 00:00:00,TSLA,297.15,0.0,,3.65
2022-08-01 00:00:00,TSLA,297.28,0.0,,3.65
2022-08-02 00:00:00,TSLA,300.59,0.0,,3.65
2022-08-03 00:00:00,TSLA,307.4,0.0,,3.65
2022-08-04 00:00:00,TSLA,308.63,0.0,,3.65
2022-08-05 00:00:00,TSLA,288.17,0.0,,3.65
2022-08-08 00:00:00,TSLA,290.42,0.0,,3.65
2022-08-09 00:00:00,TSLA,283.33,0.0,,3.65
2022-08-10 00:00:00,TSLA,294.36,0.0,,3.65
2022-08-11 00:00:00,TSLA,286.63,0.0,,3.65
2022-08-12 00:00:00,TSLA,300.03,0.0,,3.65
2022-08-15 00:00:00,TSLA,309.32,0.0,,3.65
2022-08-16 00:00:00,TSLA,306.56,0.0,,3.65
2022-08-17 00:00:00,TSLA,304.0,0.0,,3.65
2022-08-18 00:00:00,TSLA,302.87,0.0,,3.65
2022-08-19 00:00:00,TSLA,296.67,0.0,,3.65
2022-08-22 00:00:00,TSLA,289.91,0.0,,3.65
2022-08-23 00:00:00,TSLA,296.45,0.0,,3.65
2022-08-24 00:00:00,TSLA,297.1,0.0,,3.65
2022-08-25 00:00:00,TSLA,296.07,0.0,,3.65
2022-08-26 00:00:00,TSLA,288.09,0.0,,3.65
2022-08-29 00:00:00,TSLA,284.82,0.0,,3.65
2022-08-30 00:00:00,TSLA,277.7,0.0,,3.65
2022-08-31 00:00:00,TSLA,275.61,0.0,,3.65
2022-09-01 00:00:00,TSLA,277.16,0.0,,3.65
2022-09-02 00:00:00,TSLA,270.21,0.0,,3.65
2022-09-06 00:00:00,TSLA,274.42,0.0,,3.65
2022-09-07 00:00:00,TSLA,283.7,0.0,,3.65
2022-09-08 00:00:00,TSLA,289.26,0.0,,3.65
2022-09-09 00:00:00,TSLA,299.68,0.0,,3.65
2022-09-12 00:00:00,TSLA,304.42,0.0,,3.65
2022-09-13 00:00:00,TSLA,292.13,0.0,,3.65
2022-09-14 00:00:00,TSLA,302.61,0.0,,3.65
2022-09-15 00:00:00,TSLA,303.75,0.0,,3.65
2022-09-16 00:00:00,TSLA,303.35,0.0,,3.65
2022-09-19 00:00:00,TSLA,309.07,0.0,,3.65
2022-09-20 00:00:00,TSLA,308.73,0.0,,3.65
2022-09-21 00:00:00,TSLA,300.8,0.0,,3.65
2022-09-22 00:00:00,TSLA,288.59,0.0,,3.65
2022-09-23 00:00:00,TSLA,275.33,0.0,,3.65
2022-09-26 00:00:00,TSLA,276.01,0.0,,3.65
2022-09-27 00:00:00,TSLA,282.94,0.0,,3.65
2022-09-28 00:00:00,TSLA,287.81,0.0,,3.65
2022-09-29 00:00:00,TSLA,268.21,0.0,,3.65
2022-09-30 00:00:00,TSLA,265.25,0.0,,3.65
2022-10-03 00:00:00,TSLA,242.4,0.0,,3.65
2022-10-04 00:00:00,TSLA,249.44,0.0,,3.65
2022-10-05 00:00:00,TSLA,240.81,0.0,,3.65
2022-10-06 00:00:00,TSLA,238.13,0.0,,3.65
2022-10-07 00:00:00,TSLA,223.07,0.0,,3.65
2022-10-10 00:00:00,TSLA,222.96,0.0,,3.65
2022-10-11 00:00:00,TSLA,216.5,0.0,,3.65
2022-10-12 00:00:00,TSLA,217.24,0.0,,3.65
2022-10-13 00:00:00,TSLA,221.72,0.0,,3.65
2022-10-14 00:00:00,TSLA,204.99,0.0,,3.65
2022-10-17 00:00:00,TSLA,219.35,0.0,,3.65
2022-10-18 00:00:00,TSLA,220.19,0.0,,3.65
2022-10-19 00:00:00,TSLA,222.04,0.0,,3.65
2022-10-20 00:00:00,TSLA,207.28,0.0,,3.65
2022-10-21 00:00:00,TSLA,214.44,0.0,,3.65
2022-10-24 00:00:00,TSLA,211.25,0.0,,3.65
2022-10-25 00:00:00,TSLA,222.42,0.0,,3.65
2022-10-26 00:00:00,TSLA,224.64,0.0,,3.65
2022-10-27 00:00:00,TSLA,225.09,0.0,,3.65
2022-10-28 00:00:00,TSLA,228.52,0.0,,3.65
2022-10-31 00:00:00,TSLA,227.54,0.0,,3.65
2022-11-01 00:00:00,TSLA,227.82,0.0,,3.65
2022-11-02 00:00:00,TSLA,214.98,0.0,,3.65
2022-11-03 00:00:00,TSLA,215.31,0.0,,3.65
2022-11-04 00:00:00,TSLA,207.47,0.0,,3.65
2022-11-07 00:00:00,TSLA,197.08,0.0,,3.65
2022-11-08 00:00:00,TSLA,191.3,0.0,,3.65
2022-11-09 00:00:00,TSLA,177.59,0.0,,3.65
2022-11-10 00:00:00,TSLA,190.72,0.0,,3.65
2022-11-11 00:00:00,TSLA,195.97,0.0,,3.65
2022-11-14 00:00:00,TSLA,190.95,0.0,,3.65
2022-11-15 00:00:00,TSLA,194.42,0.0,,3.65
2022-11-16 00:00:00,TSLA,186.92,0.0,,3.65
2022-11-17 00:00:00,TSLA,183.17,0.0,,3.65
2022-11-18 00:00:00,TSLA,180.19,0.0,,3.65
2022-11-21 00:00:00,TSLA,167.87,0.0,,3.65
2022-11-22 00:00:00,TSLA,169.91,0.0,,3.65
2022-11-23 00:00:00,TSLA,183.2,0.0,,3.65
2022-11-25 00:00:00,TSLA,182.86,0.0,,3.65
2022-11-28 00:00:00,TSLA,182.92,0.0,,3.65
2022-11-29 00:00:00,TSLA,180.83,0.0,,3.65
2022-11-30 00:00:00,TSLA,194.7,0.0,,3.65
2022-12-01 00:00:00,TSLA,194.7,0.0,,3.65
2022-12-02 00:00:00,TSLA,194.86,0.0,,3.65
2022-12-05 00:00:00,TSLA,182.45,0.0,,3.65
2022-12-06 00:00:00,TSLA,179.82,0.0,,3.65
2022-12-07 00:00:00,TSLA,174.04,0.0,,3.65
2022-12-08 00:00:00,TSLA,173.44,0.0,,3.65
2022-12-09 00:00:00,TSLA,179.05,0.0,,3.65
2022-12-12 00:00:00,TSLA,167.82,0.0,,3.65
2022-12-13 00:00:00,TSLA,160.95,0.0,,3.65
2022-12-14 00:00:00,TSLA,156.8,0.0,,3.65
2022-12-15 00:00:00,TSLA,157.67,0.0,,3.65
2022-12-16 00:00:00,TSLA,150.23,0.0,,3.65
2022-12-19 00:00:00,TSLA,149.87,0.0,,3.65
2022-12-20 00:00:00,TSLA,137.8,0.0,,3.65
2022-12-21 00:00:00,TSLA,137.57,0.0,,3.65
2022-12-22 00:00:00,TSLA,125.35,0.0,,3.65
2022-12-23 00:00:00,TSLA,123.15,0.0,,3.65
2022-12-27 00:00:00,TSLA,109.1,0.0,,3.65
2022-12-28 00:00:00,TSLA,112.71,0.0,,3.65
2022-12-29 00:00:00,TSLA,121.82,0.0,,3.65
2022-12-30 00:00:00,TSLA,123.18,0.0,,3.65
2023-01-03 00:00:00,TSLA,108.1,0.0,,3.65
2023-01-04 00:00:00,TSLA,113.64,0.0,,3.65
2023-01-05 00:00:00,TSLA,110.34,0.0,,3.65
2023-01-06 00:00:00,TSLA,113.06,0.0,,3.65
2023-01-09 00:00:00,TSLA,119.77,0.0,,3.65
2023-01-10 00:00:00,TSLA,118.85,0.0,,3.65
2023-01-11 00:00:00,TSLA,123.22,0.0,,3.65
2023-01-12 00:00:00,TSLA,123.56,0.0,,3.65
2023-01-13 00:00:00,TSLA,122.4,0.0,,3.65
2023-01-17 00:00:00,TSLA,131.49,0.0,,3.65
2023-01-18 00:00:00,TSLA,128.78,0.0,,3.65
2023-01-19 00:00:00,TSLA,127.17,0.0,,3.65
2023-01-20 00:00:00,TSLA,133.42,0.0,,3.65
2023-01-23 00:00:00,TSLA,143.75,0.0,,3.65
2023-01-24 00:00:00,TSLA,143.89,0.0,,3.65
2023-01-25 00:00:00,TSLA,144.43,0.0,,3.65
2023-01-26 00:00:00,TSLA,160.27,0.0,,3.65
2023-01-27 00:00:00,TSLA,177.9,0.0,,3.65
2023-01-30 00:00:00,TSLA,166.66,0.0,,3.65
2023-01-31 00:00:00,TSLA,173.22,0.0,,3.65
2023-02-01 00:00:00,TSLA,181.41,0.0,,3.65
2023-02-02 00:00:00,TSLA,188.27,0.0,,3.65
2023-02-03 00:00:00,TSLA,189.98,0.0,,3.65
2023-02-06 00:00:00,TSLA,194.76,0.0,,3.65
2023-02-07 00:00:00,TSLA,196.81,0.0,,3.65
2023-02-08 00:00:00,TSLA,201.29,0.0,,3.65
2023-02-09 00:00:00,TSLA,207.32,0.0,,3.65
2023-02-10 00:00:00,TSLA,196.89,0.0,,3.65
2023-02-13 00:00:00,TSLA,194.64,0.0,,3.65
2023-02-14 00:00:00,TSLA,209.25,0.0,,3.65
2023-02-15 00:00:00,TSLA,214.24,0.0,,3.65
2023-02-16 00:00:00,TSLA,202.04,0.0,,3.65
2023-02-17 00:00:00,TSLA,208.31,0.0,,3.65
2023-02-21 00:00:00,TSLA,197.37,0.0,,3.65
2023-02-22 00:00:00,TSLA,200.86,0.0,,3.65
2023-02-23 00:00:00,TSLA,202.07,0.0,,3.65
2023-02-24 00:00:00,TSLA,196.88,0.0,,3.65
2023-02-27 00:00:00,TSLA,207.63,0.0,,3.65
2023-02-28 00:00:00,TSLA,205.71,0.0,,3.65
2023-03-01 00:00:00,TSLA,202.77,0.0,,3.65
2023-03-02 00:00:00,TSLA,190.9,0.0,,3.65
2023-03-03 00:00:00,TSLA,197.79,0.0,,3.65
2023-03-06 00:00:00,TSLA,193.81,0.0,,3.65
2023-03-07 00:00:00,TSLA,187.71,0.0,,3.65
2023-03-08 00:00:00,TSLA,182.0,0.0,,3.65
2023-03-09 00:00:00,TSLA,172.92,0.0,,3.65
2023-03-10 00:00:00,TSLA,173.44,0.0,,3.65
2023-03-13 00:00:00,TSLA,174.48,0.0,,3.65
2023-03-14 00:00:00,TSLA,183.26,0.0,,3.65
2023-03-15 00:00:00,TSLA,180.45,0.0,,3.65
2023-03-16 00:00:00,TSLA,184.13,0.0,,3.65
2023-03-17 00:00:00,TSLA,180.13,0.0,,3.65
2023-03-20 00:00:00,TSLA,183.25,0.0,,3.65
2023-03-21 00:00:00,TSLA,197.58,0.0,,3.65
2023-03-22 00:00:00,TSLA,191.15,0.0,,3.65
2023-03-23 00:00:00,TSLA,192.22,0.0,,3.65
2023-03-24 00:00:00,TSLA,190.41,0.0,,3.65
2023-03-27 00:00:00,TSLA,191.81,0.0,,3.65
2023-03-28 00:00:00,TSLA,189.19,0.0,,3.65
2023-03-29 00:00:00,TSLA,193.88,0.0,,3.65
2023-03-30 00:00:00,TSLA,195.28,0.0,,3.65
2023-03-31 00:00:00,TSLA,207.46,0.0,,3.65
2023-04-03 00:00:00,TSLA,194.77,0.0,,3.65
2023-04-04 00:00:00,TSLA,192.58,0.0,,3.65
2023-04-05 00:00:00,TSLA,185.52,0.0,,3.65
2023-04-06 00:00:00,TSLA,185.06,0.0,,3.65
2023-04-10 00:00:00,TSLA,184.51,0.0,,3.65
2023-04-11 00:00:00,TSLA,186.79,0.0,,3.65
2023-04-12 00:00:00,TSLA,180.54,0.0,,3.65
2023-04-13 00:00:00,TSLA,185.9,0.0,,3.65
2023-04-14 00:00:00,TSLA,185.0,0.0,,3.65
2023-04-17 00:00:00,TSLA,187.04,0.0,,3.65
2023-04-18 00:00:00,TSLA,184.31,0.0,,3.65
2023-04-19 00:00:00,TSLA,180.59,0.0,,3.65
2023-04-20 00:00:00,TSLA,162.99,0.0,,3.65
2023-04-21 00:00:00,TSLA,165.08,0.0,,3.65
2023-04-24 00:00:00,TSLA,162.55,0.0,,3.65
2023-04-25 00:00:00,TSLA,160.67,0.0,,3.65
2023-04-26 00:00:00,TSLA,153.75,0.0,,3.65
2023-04-27 00:00:00,TSLA,160.19,0.0,,3.65
2023-04-28 00:00:00,TSLA,164.31,0.0,,3.65
2023-05-01 00:00:00,TSLA,161.83,0.0,,3.65
2023-05-02 00:00:00,TSLA,160.31,0.0,,3.65
2023-05-03 00:00:00,TSLA,160.61,0.0,,3.65
2023-05-04 00:00:00,TSLA,161.2,0.0,,3.65
2023-05-05 00:00:00,TSLA,170.06,0.0,,3.65
2023-05-08 00:00:00,TSLA,171.79,0.0,,3.65
2023-05-09 00:00:00,TSLA,169.15,0.0,,3.65
2023-05-10 00:00:00,TSLA,168.54,0.0,,3.65
2023-05-11 00:00:00,TSLA,172.08,0.0,,3.65
2023-05-12 00:00:00,TSLA,167.98,0.0,,3.65
2023-05-15 00:00:00,TSLA,166.35,0.0,,3.65
2023-05-16 00:00:00,TSLA,166.52,0.0,,3.65
2023-05-17 00:00:00,TSLA,173.86,0.0,,3.65
2023-05-18 00:00:00,TSLA,176.89,0.0,,3.65
2023-05-19 00:00:00,TSLA,180.14,0.0,,3.65
2023-05-22 00:00:00,TSLA,188.87,0.0,,3.65
2023-05-23 00:00:00,TSLA,185.77,0.0,,3.65
2023-05-24 00:00:00,TSLA,182.9,0.0,,3.65
2023-05-25 00:00:00,TSLA,184.47,0.0,,3.65
2023-05-26 00:00:00,TSLA,193.17,0.0,,3.65
2023-05-30 00:00:00,TSLA,201.16,0.0,,3.65
2023-05-31 00:00:00,TSLA,203.93,0.0,,3.65
2023-06-01 00:00:00,TSLA,207.52,0.0,,3.65
2023-06-02 00:00:00,TSLA,213.97,0.0,,3.65
2023-06-05 00:00:00,TSLA,217.61,0.0,,3.65
2023-06-06 00:00:00,TSLA,221.31,0.0,,3.65
2023-06-07 00:00:00,TSLA,224.57,0.0,,3.65
2023-06-08 00:00:00,TSLA,234.86,0.0,,3.65
2023-06-09 00:00:00,TSLA,244.4,0.0,,3.65
2023-06-12 00:00:00,TSLA,249.83,0.0,,3.65
2023-06-13 00:00:00,TSLA,258.71,0.0,,3.65
2023-06-14 00:00:00,TSLA,256.79,0.0,,3.65
2023-06-15 00:00:00,TSLA,255.9,0.0,,3.65
2023-06-16 00:00:00,TSLA,260.54,0.0,,3.65
2023-06-20 00:00:00,TSLA,274.45,0.0,,3.65
2023-06-21 00:00:00,TSLA,259.46,0.0,,3.65
2023-06-22 00:00:00,TSLA,264.61,0.0,,3.65
2023-06-23 00:00:00,TSLA,256.6,0.0,,3.65
2023-06-26 00:00:00,TSLA,241.05,0.0,,3.65
2023-06-27 00:00:00,TSLA,250.21,0.0,,3.65
2023-06-28 00:00:00,TSLA,256.24,0.0,,3.65
2023-06-29 00:00:00,TSLA,257.5,0.0,,3.65
2023-06-30 00:00:00,TSLA,261.77,0.0,,3.65
2023-07-03 00:00:00,TSLA,279.82,0.0,,3.65
2023-07-05 00:00:00,TSLA,282.48,0.0,,3.65
2023-07-06 00:00:00,TSLA,276.54,0.0,,3.65
2023-07-07 00:00:00,TSLA,274.43,0.0,,3.65
2023-07-10 00:00:00,TSLA,269.61,0.0,,3.65
2023-07-11 00:00:00,TSLA,269.79,0.0,,3.65
2023-07-12 00:00:00,TSLA,271.99,0.0,,3.65
2023-07-13 00:00:00,TSLA,277.9,0.0,,3.65
2023-07-14 00:00:00,TSLA,281.38,0.0,,3.65
2023-07-17 00:00:00,TSLA,290.38,0.0,,3.65
2023-07-18 00:00:00,TSLA,293.34,0.0,,3.65
2023-07-19 00:00:00,TSLA,291.26,0.0,,3.65
2023-07-20 00:00:00,TSLA,262.9,0.0,,3.65
2023-07-21 00:00:00,TSLA,260.02,0.0,,3.65
2023-07-24 00:00:00,TSLA,269.06,0.0,,3.65
2023-07-25 00:00:00,TSLA,265.28,0.0,,3.65
2023-07-26 00:00:00,TSLA,264.35,0.0,,3.65
2023-07-27 00:00:00,TSLA,255.71,0.0,,3.65
2023-07-28 00:00:00,TSLA,266.44,0.0,,3.65
2023-07-31 00:00:00,TSLA,267.43,0.0,,3.65
2023-08-01 00:00:00,TSLA,261.07,0.0,,3.65
2023-08-02 00:00:00,TSLA,254.11,0.0,,3.65
2023-08-03 00:00:00,TSLA,259.32,0.0,,3.65
2023-08-04 00:00:00,TSLA,253.86,0.0,,3.65
2023-08-07 00:00:00,TSLA,251.45,0.0,,3.65
2023-08-08 00:00:00,TSLA,249.7,0.0,,3.65
2023-08-09 00:00:00,TSLA,242.19,0.0,,3.65
2023-08-10 00:00:00,TSLA,245.34,0.0,,3.65
2023-08-11 00:00:00,TSLA,242.65,0.0,,3.65
2023-08-14 00:00:00,TSLA,239.76,0.0,,3.65
2023-08-15 00:00:00,TSLA,232.96,0.0,,3.65
2023-08-16 00:00:00,TSLA,225.6,0.0,,3.65
2023-08-17 00:00:00,TSLA,219.22,0.0,,3.65
2023-08-18 00:00:00,TSLA,215.49,0.0,,3.65
2023-08-21 00:00:00,TSLA,231.28,0.0,,3.65
2023-08-22 00:00:00,TSLA,233.19,0.0,,3.65
2023-08-23 00:00:00,TSLA,236.86,0.0,,3.65
2023-08-24 00:00:00,TSLA,230.04,0.0,,3.65
2023-08-25 00:00:00,TSLA,238.59,0.0,,3.65
2023-08-28 00:00:00,TSLA,238.82,0.0,,3.65
2023-08-29 00:00:00,TSLA,257.18,0.0,,3.65
2023-08-30 00:00:00,TSLA,256.9,0.0,,3.65
2023-08-31 00:00:00,TSLA,258.08,0.0,,3.65
2023-09-01 00:00:00,TSLA,245.01,0.0,,3.65
2023-09-05 00:00:00,TSLA,256.49,0.0,,3.65
2023-09-06 00:00:00,TSLA,251.92,0.0,,3.65
2023-09-07 00:00:00,TSLA,251.49,0.0,,3.65
2023-09-08 00:00:00,TSLA,248.5,0.0,,3.65
2023-09-11 00:00:00,TSLA,273.58,0.0,,3.65
2023-09-12 00:00:00,TSLA,267.48,0.0,,3.65
2023-09-13 00:00:00,TSLA,271.3,0.0,,3.65
2023-09-14 00:00:00,TSLA,276.04,0.0,,3.65
2023-09-15 00:00:00,TSLA,274.39,0.0,,3.65
2023-09-18 00:00:00,TSLA,265.28,0.0,,3.65
2023-09-19 00:00:00,TSLA,266.5,0.0,,3.65
2023-09-20 00:00:00,TSLA,262.59,0.0,,3.65
2023-09-21 00:00:00,TSLA,255.7,0.0,,3.65
2023-09-22 00:00:00,TSLA,244.88,0.0,,3.65
2023-09-25 00:00:00,TSLA,246.99,0.0,,3.65
2023-09-26 00:00:00,TSLA,244.12,0.0,,3.65
2023-09-27 00:00:00,TSLA,240.5,0.0,,3.65
2023-09-28 00:00:00,TSLA,246.38,0.0,,3.65
2023-09-29 00:00:00,TSLA,250.22,0.0,,3.65
2023-10-02 00:00:00,TSLA,251.6,0.0,,3.65
2023-10-03 00:00:00,TSLA,246.53,0.0,,3.65
2023-10-04 00:00:00,TSLA,261.16,0.0,,3.65
2023-10-05 00:00:00,TSLA,260.05,0.0,,3.65
2023-10-06 00:00:00,TSLA,260.53,0.0,,3.65
2023-10-09 00:00:00,TSLA,259.67,0.0,,3.65
2023-10-10 00:00:00,TSLA,263.62,0.0,,3.65
2023-10-11 00:00:00,TSLA,262.99,0.0,,3.65
2023-10-12 00:00:00,TSLA,258.87,0.0,,3.65
2023-10-13 00:00:00,TSLA,251.12,0.0,,3.65
2023-10-16 00:00:00,TSLA,253.92,0.0,,3.65
2023-10-17 00:00:00,TSLA,254.85,0.0,,3.65
2023-10-18 00:00:00,TSLA,242.68,0.0,,3.65
2023-10-19 00:00:00,TSLA,220.11,0.0,,3.65
2023-10-20 00:00:00,TSLA,211.99,0.0,,3.65
2023-10-23 00:00:00,TSLA,212.08,0.0,,3.65
2023-10-24 00:00:00,TSLA,216.52,0.0,,3.65
2023-10-25 00:00:00,TSLA,212.42,0.0,,3.65
2023-10-26 00:00:00,TSLA,205.76,0.0,,3.65
2023-10-27 00:00:00,TSLA,207.3,0.0,,3.65
2023-10-30 00:00:00,TSLA,197.36,0.0,,3.65
2023-10-31 00:00:00,TSLA,200.84,0.0,,3.65
2023-11-01 00:00:00,TSLA,205.66,0.0,,3.65
2023-11-02 00:00:00,TSLA,218.51,0.0,,3.65
2023-11-03 00:00:00,TSLA,219.96,0.0,,3.65
2023-11-06 00:00:00,TSLA,219.27,0.0,,3.65
2023-11-07 00:00:00,TSLA,222.18,0.0,,3.65
2023-11-08 00:00:00,TSLA,222.11,0.0,,3.65
2023-11-09 00:00:00,TSLA,209.98,0.0,,3.65
2023-11-10 00:00:00,TSLA,214.65,0.0,,3.65
2023-11-13 00:00:00,TSLA,223.71,0.0,,3.65
2023-11-14 00:00:00,TSLA,237.41,0.0,,3.65
2023-11-15 00:00:00,TSLA,242.84,0.0,,3.65
2023-11-16 00:00:00,TSLA,233.59,0.0,,3.65
2023-11-17 00:00:00,TSLA,234.3,0.0,,3.65
2023-11-20 00:00:00,TSLA,235.6,0.0,,3.65
2023-11-21 00:00:00,TSLA,241.2,0.0,,3.65
2023-11-22 00:00:00,TSLA,234.21,0.0,,3.65
2023-11-24 00:00:00,TSLA,235.45,0.0,,3.65
2023-11-27 00:00:00,TSLA,236.08,0.0,,3.65
2023-11-28 00:00:00,TSLA,246.72,0.0,,3.65
2023-11-29 00:00:00,TSLA,244.14,0.0,,3.65
2023-11-30 00:00:00,TSLA,240.08,0.0,,3.65
2023-12-01 00:00:00,TSLA,238.83,0.0,,3.65
2023-12-04 00:00:00,TSLA,235.58,0.0,,3.65
2023-12-05 00:00:00,TSLA,238.72,0.0,,3.65
2023-12-06 00:00:00,TSLA,239.37,0.0,,3.65
2023-12-07 00:00:00,TSLA,242.64,0.0,,3.65
2023-12-08 00:00:00,TSLA,243.84,0.0,,3.65
2023-12-11 00:00:00,TSLA,239.74,0.0,,3.65
2023-12-12 00:00:00,TSLA,237.01,0.0,,3.65
2023-12-13 00:00:00,TSLA,239.29,0.0,,3.65
2023-12-14 00:00:00,TSLA,251.05,0.0,,3.65
2023-12-15 00:00:00,TSLA,253.5,0.0,,3.65
2023-12-18 00:00:00,TSLA,252.08,0.0,,3.65
2023-12-19 00:00:00,TSLA,257.22,0.0,,3.65
2023-12-20 00:00:00,TSLA,247.14,0.0,,3.65
2023-12-21 00:00:00,TSLA,254.5,0.0,,3.65
2023-12-22 00:00:00,TSLA,252.54,0.0,,3.65
2023-12-26 00:00:00,TSLA,256.61,0.0,,3.65
2023-12-27 00:00:00,TSLA,261.44,0.0,,3.65
2023-12-28 00:00:00,TSLA,253.18,0.0,,3.65
2023-12-29 00:00:00,TSLA,248.48,0.0,,3.65
2024-01-02 00:00:00,TSLA,248.42,0.0,,3.65
2024-01-03 00:00:00,TSLA,238.45,0.0,,3.65
2024-01-04 00:00:00,TSLA,237.93,0.0,,3.65
2024-01-05 00:00:00,TSLA,237.49,0.0,,3.65
2024-01-08 00:00:00,TSLA,240.45,0.0,,3.65
2024-01-09 00:00:00,TSLA,234.96,0.0,,3.65
2024-01-10 00:00:00,TSLA,233.94,0.0,,3.65
2024-01-11 00:00:00,TSLA,227.22,0.0,,3.65
2024-01-12 00:00:00,TSLA,218.89,0.0,,3.65
2024-01-16 00:00:00,TSLA,219.91,0.0,,3.65
2024-01-17 00:00:00,TSLA,215.55,0.0,,3.65
2024-01-18 00:00:00,TSLA,211.88,0.0,,3.65
2024-01-19 00:00:00,TSLA,212.19,0.0,,3.65
2024-01-22 00:00:00,TSLA,208.8,0.0,,3.65
2024-01-23 00:00:00,TSLA,209.14,0.0,,3.65
2024-01-24 00:00:00,TSLA,207.83,0.0,,3.65
2024-01-25 00:00:00,TSLA,182.63,0.0,,3.65
2024-01-26 00:00:00,TSLA,183.25,0.0,,3.65
2024-01-29 00:00:00,TSLA,190.93,0.0,,3.65
2024-01-30 00:00:00,TSLA,191.59,0.0,,3.65
2024-01-31 00:00:00,TSLA,187.29,0.0,,3.65
2024-02-01 00:00:00,TSLA,188.86,0.0,,3.65
2024-02-02 00:00:00,TSLA,187.91,0.0,,3.65
2024-02-05 00:00:00,TSLA,181.06,0.0,,3.65
2024-02-06 00:00:00,TSLA,185.1,0.0,,3.65
2024-02-07 00:00:00,TSLA,187.58,0.0,,3.65
2024-02-08 00:00:00,TSLA,189.56,0.0,,3.65
2024-02-09 00:00:00,TSLA,193.57,0.0,,3.65
2024-02-12 00:00:00,TSLA,188.13,0.0,,3.65
2024-02-13 00:00:00,TSLA,184.02,0.0,,3.65
2024-02-14 00:00:00,TSLA,188.71,0.0,,3.65
2024-02-15 00:00:00,TSLA,200.45,0.0,,3.65
2024-02-16 00:00:00,TSLA,199.95,0.0,,3.65
2024-02-20 00:00:00,TSLA,193.76,0.0,,3.65
2024-02-21 00:00:00,TSLA,194.77,0.0,,3.65
2024-02-22 00:00:00,TSLA,197.41,0.0,,3.65
2024-02-23 00:00:00,TSLA,191.97,0.0,,3.65
2024-02-26 00:00:00,TSLA,199.4,0.0,,3.65
2024-02-27 00:00:00,TSLA,199.73,0.0,,3.65
2024-02-28 00:00:00,TSLA,202.04,0.0,,3.65
2024-02-29 00:00:00,TSLA,201.88,0.0,,3.65
2024-03-01 00:00:00,TSLA,202.64,0.0,,3.65
2024-03-04 00:00:00,TSLA,188.14,0.0,,3.65
2024-03-05 00:00:00,TSLA,180.74,0.0,,3.65
2024-03-06 00:00:00,TSLA,176.54,0.0,,3.65
2024-03-07 00:00:00,TSLA,178.65,0.0,,3.65
2024-03-08 00:00:00,TSLA,175.34,0.0,,3.65
2024-03-11 00:00:00,TSLA,177.77,0.0,,3.65
2024-03-12 00:00:00,TSLA,177.54,0.0,,3.65
2024-03-13 00:00:00,TSLA,169.48,0.0,,3.65
2024-03-14 00:00:00,TSLA,162.5,0.0,,3.65
2024-03-15 00:00:00,TSLA,163.57,0.0,,3.65
2024-03-18 00:00:00,TSLA,173.8,0.0,,3.65
2024-03-19 00:00:00,TSLA,171.32,0.0,,3.65
2024-03-20 00:00:00,TSLA,175.66,0.0,,3.65
2024-03-21 00:00:00,TSLA,172.82,0.0,,3.65
2024-03-22 00:00:00,TSLA,170.83,0.0,,3.65
2024-03-25 00:00:00,TSLA,172.63,0.0,,3.65
2024-03-26 00:00:00,TSLA,177.67,0.0,,3.65
2024-03-27 00:00:00,TSLA,179.83,0.0,,3.65
2024-03-28 00:00:00,TSLA,175.79,0.0,,3.65
2024-04-01 00:00:00,TSLA,175.22,0.0,,3.65
2024-04-02 00:00:00,TSLA,166.63,0.0,,3.65
2024-04-03 00:00:00,TSLA,168.38,0.0,,3.65
2024-04-04 00:00:00,TSLA,171.11,0.0,,3.65
2024-04-05 00:00:00,TSLA,164.9,0.0,,3.65
2024-04-08 00:00:00,TSLA,172.98,0.0,,3.65
2024-04-09 00:00:00,TSLA,176.88,0.0,,3.65
2024-04-10 00:00:00,TSLA,171.76,0.0,,3.65
2024-04-11 00:00:00,TSLA,174.6,0.0,,3.65
2024-04-12 00:00:00,TSLA,171.05,0.0,,3.65
2024-04-15 00:00:00,TSLA,161.48,0.0,,3.65
2024-04-16 00:00:00,TSLA,157.11,0.0,,3.65
2024-04-17 00:00:00,TSLA,155.45,0.0,,3.65
2024-04-18 00:00:00,TSLA,149.93,0.0,,3.65
2024-04-19 00:00:00,TSLA,147.05,0.0,,3.65
2024-04-22 00:00:00,TSLA,142.05,0.0,,3.65
2024-04-23 00:00:00,TSLA,144.68,0.0,,3.65
2024-04-24 00:00:00,TSLA,162.13,0.0,,3.65
2024-04-25 00:00:00,TSLA,170.18,0.0,,3.65
2024-04-26 00:00:00,TSLA,168.29,0.0,,3.65
2024-04-29 00:00:00,TSLA,194.05,0.0,,3.65
2024-04-30 00:00:00,TSLA,183.28,0.0,,3.65
2024-05-01 00:00:00,TSLA,179.99,0.0,,3.65
2024-05-02 00:00:00,TSLA,180.01,0.0,,3.65
2024-05-03 00:00:00,TSLA,181.19,0.0,,3.65
2024-05-06 00:00:00,TSLA,184.76,0.0,,3.65
2024-05-07 00:00:00,TSLA,177.81,0.0,,3.65
2024-05-08 00:00:00,TSLA,174.72,0.0,,3.65
2024-05-09 00:00:00,TSLA,171.97,0.0,,3.65
2024-05-10 00:00:00,TSLA,168.47,0.0,,3.65
2024-05-13 00:00:00,TSLA,171.89,0.0,,3.65
2024-05-14 00:00:00,TSLA,177.55,0.0,,3.65
2024-05-15 00:00:00,TSLA,173.99,0.0,,3.65
2024-05-16 00:00:00,TSLA,174.84,0.0,,3.65
2024-05-17 00:00:00,TSLA,177.46,0.0,,3.65
2024-05-20 00:00:00,TSLA,174.95,0.0,,3.65
2024-05-21 00:00:00,TSLA,186.6,0.0,,3.65
2024-05-22 00:00:00,TSLA,180.11,0.0,,3.65
2024-05-23 00:00:00,TSLA,173.74,0.0,,3.65
2024-05-24 00:00:00,TSLA,179.24,0.0,,3.65
2024-05-28 00:00:00,TSLA,176.75,0.0,,3.65
2024-05-29 00:00:00,TSLA,176.19,0.0,,3.65
2024-05-30 00:00:00,TSLA,178.79,0.0,,3.65
2024-05-31 00:00:00,TSLA,178.08,0.0,,3.65
2024-06-03 00:00:00,TSLA,176.29,0.0,,3.65
2024-06-04 00:00:00,TSLA,174.77,0.0,,3.65
2024-06-05 00:00:00,TSLA,175.0,0.0,,3.65
2024-06-06 00:00:00,TSLA,177.94,0.0,,3.65
2024-06-07 00:00:00,TSLA,177.48,0.0,,3.65
2024-06-10 00:00:00,TSLA,173.79,0.0,,3.65
2024-06-11 00:00:00,TSLA,170.66,0.0,,3.65
2024-06-12 00:00:00,TSLA,177.29,0.0,,3.65
2024-06-13 00:00:00,TSLA,182.47,0.0,,3.65
2024-06-14 00:00:00,TSLA,178.01,0.0,,3.65
2024-06-17 00:00:00,TSLA,187.44,0.0,,3.65
2024-06-18 00:00:00,TSLA,184.86,0.0,,3.65
2024-06-20 00:00:00,TSLA,181.57,0.0,,3.65
2024-06-21 00:00:00,TSLA,183.01,0.0,,3.65
2024-06-24 00:00:00,TSLA,182.58,0.0,,3.65
2024-06-25 00:00:00,TSLA,187.35,0.0,,3.65
2024-06-26 00:00:00,TSLA,196.37,0.0,,3.65
2024-06-27 00:00:00,TSLA,197.42,0.0,,3.65
2024-06-28 00:00:00,TSLA,197.88,0.0,,3.65
2024-07-01 00:00:00,TSLA,209.86,0.0,,3.65
2024-07-02 00:00:00,TSLA,231.26,0.0,,3.65
2024-07-03 00:00:00,TSLA,246.39,0.0,,3.65
2024-07-05 00:00:00,TSLA,251.52,0.0,,3.65
2024-07-08 00:00:00,TSLA,252.94,0.0,,3.65
2024-07-09 00:00:00,TSLA,262.33,0.0,,3.65
2024-07-10 00:00:00,TSLA,263.26,0.0,,3.65
2024-07-11 00:00:00,TSLA,241.03,0.0,,3.65
2024-07-12 00:00:00,TSLA,248.23,0.0,,3.65
2024-07-15 00:00:00,TSLA,252.64,0.0,,3.65
2024-07-16 00:00:00,TSLA,256.56,0.0,,3.65
2024-07-17 00:00:00,TSLA,248.5,0.0,,3.65
2024-07-18 00:00:00,TSLA,249.23,0.0,,3.65
2024-07-19 00:00:00,TSLA,239.2,0.0,,3.65
2024-07-22 00:00:00,TSLA,251.51,0.0,,3.65
2024-07-23 00:00:00,TSLA,246.38,0.0,,3.65
2024-07-24 00:00:00,TSLA,215.99,0.0,,3.65
2024-07-25 00:00:00,TSLA,220.25,0.0,,3.65
2024-07-26 00:00:00,TSLA,219.8,0.0,,3.65
2024-07-29 00:00:00,TSLA,232.1,0.0,,3.65
2024-07-30 00:00:00,TSLA,222.62,0.0,,3.65
2024-07-31 00:00:00,TSLA,232.07,0.0,,3.65
2024-08-01 00:00:00,TSLA,216.86,0.0,,3.65
2024-08-02 00:00:00,TSLA,207.67,0.0,,3.65
2024-08-05 00:00:00,TSLA,198.88,0.0,,3.65
2024-08-06 00:00:00,TSLA,200.64,0.0,,3.65
2024-08-07 00:00:00,TSLA,191.76,0.0,,3.65
2024-08-08 00:00:00,TSLA,198.84,0.0,,3.65
2024-08-09 00:00:00,TSLA,200.0,0.0,,3.65
2024-08-12 00:00:00,TSLA,197.49,0.0,,3.65
2024-08-13 00:00:00,TSLA,207.83,0.0,,3.65
2024-08-14 00:00:00,TSLA,201.38,0.0,,3.65
2024-08-15 00:00:00,TSLA,214.14,0.0,,3.65
2024-08-16 00:00:00,TSLA,216.12,0.0,,3.65
2024-08-19 00:00:00,TSLA,222.72,0.0,,3.65
2024-08-20 00:00:00,TSLA,221.1,0.0,,3.65
2024-08-21 00:00:00,TSLA,223.27,0.0,,3.65
2024-08-22 00:00:00,TSLA,210.66,0.0,,3.65
2024-08-23 00:00:00,TSLA,220.32,0.0,,3.65
2024-08-26 00:00:00,TSLA,213.21,0.0,,3.65
2024-08-27 00:00:00,TSLA,209.21,0.0,,3.65
2024-08-28 00:00:00,TSLA,205.75,0.0,,3.65
2024-08-29 00:00:00,TSLA,206.28,0.0,,3.65
2024-08-30 00:00:00,TSLA,214.11,0.0,,3.65
2024-09-03 00:00:00,TSLA,210.6,0.0,,3.65
2024-09-04 00:00:00,TSLA,219.41,0.0,,3.65
2024-09-05 00:00:00,TSLA,230.17,0.0,,3.65
2024-09-06 00:00:00,TSLA,210.73,0.0,,3.65
2024-09-09 00:00:00,TSLA,216.27,0.0,,3.65
2024-09-10 00:00:00,TSLA,226.17,0.0,,3.65
2024-09-11 00:00:00,TSLA,228.13,0.0,,3.65
2024-09-12 00:00:00,TSLA,229.81,0.0,,3.65
2024-09-13 00:00:00,TSLA,230.29,0.0,,3.65
2024-09-16 00:00:00,TSLA,226.78,0.0,,3.65
2024-09-17 00:00:00,TSLA,227.87,0.0,,3.65
2024-09-18 00:00:00,TSLA,227.2,0.0,,3.65
2024-09-19 00:00:00,TSLA,243.92,0.0,,3.65
2024-09-20 00:00:00,TSLA,238.25,0.0,,3.65
2024-09-23 00:00:00,TSLA,250.0,0.0,,3.65
2024-09-24 00:00:00,TSLA,254.27,0.0,,3.65
2024-09-25 00:00:00,TSLA,257.02,0.0,,3.65
2024-09-26 00:00:00,TSLA,254.22,0.0,,3.65
2024-09-27 00:00:00,TSLA,260.46,0.0,,3.65
2024-09-30 00:00:00,TSLA,261.63,0.0,,3.65
2024-10-01 00:00:00,TSLA,258.02,0.0,,3.65
2024-10-02 00:00:00,TSLA,249.02,0.0,,3.65
2024-10-03 00:00:00,TSLA,240.66,0.0,,3.65
2024-10-04 00:00:00,TSLA,250.08,0.0,,3.65
2024-10-07 00:00:00,TSLA,240.83,0.0,,3.65
2024-10-08 00:00:00,TSLA,244.5,0.0,,3.65
2024-10-09 00:00:00,TSLA,241.05,0.0,,3.65
2024-10-10 00:00:00,TSLA,238.77,0.0,,3.65
2024-10-11 00:00:00,TSLA,217.8,0.0,,3.65
2024-10-14 00:00:00,TSLA,219.16,0.0,,3.65
2024-10-15 00:00:00,TSLA,219.57,0.0,,3.65
2024-10-16 00:00:00,TSLA,221.33,0.0,,3.65
2024-10-17 00:00:00,TSLA,220.89,0.0,,3.65
2024-10-18 00:00:00,TSLA,220.7,0.0,,3.65
2024-10-21 00:00:00,TSLA,218.85,0.0,,3.65
2024-10-22 00:00:00,TSLA,217.97,0.0,,3.65
2024-10-23 00:00:00,TSLA,213.65,0.0,,3.65
2024-10-24 00:00:00,TSLA,260.48,0.0,,3.65
2024-10-25 00:00:00,TSLA,269.19,0.0,,3.65
2024-10-28 00:00:00,TSLA,262.51,0.0,,3.65
2024-10-29 00:00:00,TSLA,259.52,0.0,,3.65
2024-10-30 00:00:00,TSLA,257.55,0.0,,3.65
2024-10-31 00:00:00,TSLA,249.85,0.0,,3.65
2024-11-01 00:00:00,TSLA,248.98,0.0,,3.65
2024-11-04 00:00:00,TSLA,242.84,0.0,,3.65
2024-11-05 00:00:00,TSLA,251.44,0.0,,3.65
2024-11-06 00:00:00,TSLA,288.53,0.0,,3.65
2024-11-07 00:00:00,TSLA,296.91,0.0,,3.65
2024-11-08 00:00:00,TSLA,321.22,0.0,,3.65
2024-11-11 00:00:00,TSLA,350.0,0.0,,3.65
2024-11-12 00:00:00,TSLA,328.49,0.0,,3.65
2024-11-13 00:00:00,TSLA,330.24,0.0,,3.65
2024-11-14 00:00:00,TSLA,311.18,0.0,,3.65
2024-11-15 00:00:00,TSLA,320.72,0.0,,3.65
2024-11-18 00:00:00,TSLA,338.74,0.0,,3.65
2024-11-19 00:00:00,TSLA,346.0,0.0,,3.65
2024-11-20 00:00:00,TSLA,342.03,0.0,,3.65
2024-11-21 00:00:00,TSLA,339.64,0.0,,3.65
2024-11-22 00:00:00,TSLA,352.56,0.0,,3.65
2024-11-25 00:00:00,TSLA,338.59,0.0,,3.65
2024-11-26 00:00:00,TSLA,338.23,0.0,,3.65
2024-11-27 00:00:00,TSLA,332.89,0.0,,3.65
2024-11-29 00:00:00,TSLA,345.16,0.0,,3.65
2024-12-02 00:00:00,TSLA,357.09,0.0,,3.65
2024-12-03 00:00:00,TSLA,351.42,0.0,,3.65
2024-12-04 00:00:00,TSLA,357.93,0.0,,3.65
2024-12-05 00:00:00,TSLA,369.49,0.0,,3.65
2024-12-06 00:00:00,TSLA,389.22,0.0,,3.65
2024-12-09 00:00:00,TSLA,389.79,0.0,,3.65
2024-12-10 00:00:00,TSLA,400.99,0.0,,3.65
2024-12-11 00:00:00,TSLA,424.77,0.0,,3.65
2024-12-12 00:00:00,TSLA,418.1,0.0,,3.65
2024-12-13 00:00:00,TSLA,436.23,0.0,,3.65
2024-12-16 00:00:00,TSLA,463.02,0.0,,3.65
2024-12-17 00:00:00,TSLA,479.86,0.0,,3.65
2024-12-18 00:00:00,TSLA,440.13,0.0,,3.65
2024-12-19 00:00:00,TSLA,436.17,0.0,,3.65
2024-12-20 00:00:00,TSLA,421.06,0.0,,3.65
2024-12-23 00:00:00,TSLA,430.6,0.0,,3.65
2024-12-24 00:00:00,TSLA,462.28,0.0,,3.65
2024-12-26 00:00:00,TSLA,454.13,0.0,,3.65
2024-12-27 00:00:00,TSLA,431.66,0.0,,3.65
2024-12-30 00:00:00,TSLA,417.41,0.0,,3.65
2024-12-31 00:00:00,TSLA,403.84,0.0,,3.65
2025-01-02 00:00:00,TSLA,379.28,0.0,,3.65
2025-01-03 00:00:00,TSLA,410.44,0.0,,3.65
2025-01-06 00:00:00,TSLA,411.05,0.0,,3.65
2025-01-07 00:00:00,TSLA,394.36,0.0,,3.65
2025-01-08 00:00:00,TSLA,394.94,0.0,,3.65
2025-01-10 00:00:00,TSLA,394.74,0.0,,3.65
2025-01-13 00:00:00,TSLA,403.31,0.0,,3.65
2025-01-14 00:00:00,TSLA,396.36,0.0,,3.65
2025-01-15 00:00:00,TSLA,428.22,0.0,,3.65
2025-01-16 00:00:00,TSLA,413.82,0.0,,3.65
2025-01-17 00:00:00,TSLA,426.5,0.0,,3.65
2025-01-21 00:00:00,TSLA,424.07,0.0,,3.65
2025-01-22 00:00:00,TSLA,415.11,0.0,,3.65
2025-01-23 00:00:00,TSLA,412.38,0.0,,3.65
2025-01-24 00:00:00,TSLA,406.58,0.0,,3.65
2025-01-27 00:00:00,TSLA,397.15,0.0,,3.65
2025-01-28 00:00:00,TSLA,398.09,0.0,,3.65
2025-01-29 00:00:00,TSLA,389.1,0.0,,3.65
2025-01-30 00:00:00,TSLA,400.28,0.0,,3.65
2025-01-31 00:00:00,TSLA,404.6,0.0,,3.65
2025-02-03 00:00:00,TSLA,383.68,0.0,,3.65
2025-02-04 00:00:00,TSLA,392.21,0.0,,3.65
2025-02-05 00:00:00,TSLA,378.17,0.0,,3.65
2025-02-06 00:00:00,TSLA,374.32,0.0,,3.65
2025-02-07 00:00:00,TSLA,361.62,0.0,,3.65
2025-02-10 00:00:00,TSLA,350.73,0.0,,3.65
2025-02-11 00:00:00,TSLA,328.5,0.0,,3.65
2025-02-12 00:00:00,TSLA,336.51,0.0,,3.65
2025-02-13 00:00:00,TSLA,355.94,0.0,,3.65
2025-02-14 00:00:00,TSLA,355.84,0.0,,3.65
2025-02-18 00:00:00,TSLA,354.11,0.0,,3.65
2025-02-19 00:00:00,TSLA,360.56,0.0,,3.65
2025-02-20 00:00:00,TSLA,354.4,0.0,,3.65
2025-02-21 00:00:00,TSLA,337.8,0.0,,3.65
2025-02-24 00:00:00,TSLA,330.53,0.0,,3.65
2025-02-25 00:00:00,TSLA,302.8,0.0,,3.65
2025-02-26 00:00:00,TSLA,290.8,0.0,,3.65
2025-02-27 00:00:00,TSLA,281.95,0.0,,3.65
2025-02-28 00:00:00,TSLA,292.98,0.0,,3.65
2025-03-03 00:00:00,TSLA,284.65,0.0,,3.65
2025-03-04 00:00:00,TSLA,272.04,0.0,,3.65
2025-03-05 00:00:00,TSLA,279.1,0.0,,3.65
2025-03-06 00:00:00,TSLA,263.45,0.0,,3.65
2025-03-07 00:00:00,TSLA,262.67,0.0,,3.65
2025-03-10 00:00:00,TSLA,222.15,0.0,,3.65
2025-03-11 00:00:00,TSLA,230.58,0.0,,3.65
2025-03-12 00:00:00,TSLA,248.09,0.0,,3.65
2025-03-13 00:00:00,TSLA,240.68,0.0,,3.65
2025-03-14 00:00:00,TSLA,249.98,0.0,,3.65
2025-03-17 00:00:00,TSLA,238.01,0.0,,3.65
2025-03-18 00:00:00,TSLA,225.31,0.0,,3.65
2025-03-19 00:00:00,TSLA,235.86,0.0,,3.65
2025-03-20 00:00:00,TSLA,236.26,0.0,,3.65
2025-03-21 00:00:00,TSLA,248.71,0.0,,3.65
2025-03-24 00:00:00,TSLA,278.39,0.0,,3.65
2025-03-25 00:00:00,TSLA,288.14,0.0,,3.65
2025-03-26 00:00:00,TSLA,272.06,0.0,,3.65
2025-03-27 00:00:00,TSLA,273.13,0.0,,3.65
2025-03-28 00:00:00,TSLA,263.55,0.0,,3.65
2025-03-31 00:00:00,TSLA,259.16,0.0,,3.65
2025-04-01 00:00:00,TSLA,268.46,0.0,,3.65
2025-04-02 00:00:00,TSLA,282.76,0.0,,3.65
2025-04-03 00:00:00,TSLA,267.28,0.0,,3.65
2025-04-04 00:00:00,TSLA,239.43,0.0,,3.65
2025-04-07 00:00:00,TSLA,233.29,0.0,,3.65
2025-04-08 00:00:00,TSLA,221.86,0.0,,3.65
2025-04-09 00:00:00,TSLA,272.2,0.0,,3.65
2025-04-10 00:00:00,TSLA,252.4,0.0,,3.65
2025-04-11 00:00:00,TSLA,252.31,0.0,,3.65
2025-04-14 00:00:00,TSLA,252.35,0.0,,3.65
2025-04-15 00:00:00,TSLA,254.11,0.0,,3.65
2025-04-16 00:00:00,TSLA,241.55,0.0,,3.65
2025-04-17 00:00:00,TSLA,241.37,0.0,,3.65
2025-04-21 00:00:00,TSLA,227.5,0.0,,3.65
2025-04-22 00:00:00,TSLA,237.97,0.0,,3.65
2025-04-23 00:00:00,TSLA,250.74,0.0,,3.65
2025-04-24 00:00:00,TSLA,259.51,0.0,,3.65
2025-04-25 00:00:00,TSLA,284.95,0.0,,3.65
2025-04-28 00:00:00,TSLA,285.88,0.0,,3.65
2025-04-29 00:00:00,TSLA,292.03,0.0,,3.65
2025-04-30 00:00:00,TSLA,282.16,0.0,,3.65
2025-05-01 00:00:00,TSLA,280.52,0.0,,3.65
2025-05-02 00:00:00,TSLA,287.21,0.0,,3.65
2025-05-05 00:00:00,TSLA,280.26,0.0,,3.65
2025-05-06 00:00:00,TSLA,275.35,0.0,,3.65
2025-05-07 00:00:00,TSLA,276.22,0.0,,3.65
2025-05-08 00:00:00,TSLA,284.82,0.0,,3.65
2025-05-09 00:00:00,TSLA,298.26,0.0,,3.65
2025-05-12 00:00:00,TSLA,318.38,0.0,,3.65
2025-05-13 00:00:00,TSLA,334.07,0.0,,3.65
2025-05-14 00:00:00,TSLA,347.68,0.0,,3.65
2025-05-15 00:00:00,TSLA,342.82,0.0,,3.65
2025-05-16 00:00:00,TSLA,349.98,0.0,,3.65
2025-05-19 00:00:00,TSLA,342.09,0.0,,3.65
2025-05-20 00:00:00,TSLA,343.82,0.0,,3.65
2025-05-21 00:00:00,TSLA,334.62,0.0,,3.65
2025-05-22 00:00:00,TSLA,341.04,0.0,,3.65
2025-05-23 00:00:00,TSLA,339.34,0.0,,3.65
2025-05-27 00:00:00,TSLA,362.89,0.0,,3.65
2025-05-28 00:00:00,TSLA,356.9,0.0,,3.65
2025-05-29 00:00:00,TSLA,358.43,0.0,,3.65
2025-05-30 00:00:00,TSLA,346.46,0.0,,3.65
2025-06-02 00:00:00,TSLA,342.69,0.0,,3.65
2025-06-03 00:00:00,TSLA,344.27,0.0,,3.65
2025-06-04 00:00:00,TSLA,332.05,0.0,,3.65
2025-06-05 00:00:00,TSLA,284.7,0.0,,3.65
2025-06-06 00:00:00,TSLA,295.14,0.0,,3.65
2025-06-09 00:00:00,TSLA,308.58,0.0,,3.65
2025-06-10 00:00:00,TSLA,326.09,0.0,,3.65
2025-06-11 00:00:00,TSLA,326.43,0.0,,3.65
2025-06-12 00:00:00,TSLA,319.11,0.0,,3.65
2025-06-13 00:00:00,TSLA,325.31,0.0,,3.65
2025-06-16 00:00:00,TSLA,329.13,0.0,,3.65
2025-06-17 00:00:00,TSLA,316.35,0.0,,3.65
2025-06-18 00:00:00,TSLA,322.05,0.0,,3.65
2025-06-20 00:00:00,TSLA,322.16,0.0,,3.65
2025-06-23 00:00:00,TSLA,348.68,0.0,,3.65
2025-06-24 00:00:00,TSLA,340.47,0.0,,3.65
2025-06-25 00:00:00,TSLA,327.55,0.0,,3.65
2025-06-26 00:00:00,TSLA,325.78,0.0,,3.65
2025-06-27 00:00:00,TSLA,323.63,0.0,,3.65
2025-06-30 00:00:00,TSLA,317.66,0.0,,3.65
2025-07-01 00:00:00,TSLA,300.71,0.0,,3.65
2025-07-02 00:00:00,TSLA,315.65,0.0,,3.65
2025-07-03 00:00:00,TSLA,315.35,0.0,,3.65
2025-07-07 00:00:00,TSLA,293.94,0.0,,3.65
2025-07-08 00:00:00,TSLA,297.81,0.0,,3.65
2025-07-09 00:00:00,TSLA,295.88,0.0,,3.65
2025-07-10 00:00:00,TSLA,309.87,0.0,,3.65
2025-07-11 00:00:00,TSLA,313.51,0.0,,3.65
2025-07-14 00:00:00,TSLA,316.9,0.0,,3.65
2025-07-15 00:00:00,TSLA,310.78,0.0,,3.65
2025-07-16 00:00:00,TSLA,321.67,0.0,,3.65
2025-07-17 00:00:00,TSLA,319.41,0.0,,3.65
2025-07-18 00:00:00,TSLA,329.65,0.0,,3.65
2025-07-21 00:00:00,TSLA,328.49,0.0,,3.65
2025-07-22 00:00:00,TSLA,332.11,0.0,,3.65
2025-07-23 00:00:00,TSLA,332.56,0.0,,3.65
2025-07-24 00:00:00,TSLA,305.3,0.0,,3.65
2025-07-25 00:00:00,TSLA,316.06,0.0,,3.65
2025-07-28 00:00:00,TSLA,325.59,0.0,,3.65
2025-07-29 00:00:00,TSLA,321.2,0.0,,3.65
2025-07-30 00:00:00,TSLA,319.04,0.0,,3.65
2025-07-31 00:00:00,TSLA,308.27,0.0,,3.65
2025-08-01 00:00:00,TSLA,302.63,0.0,,3.65
2025-08-04 00:00:00,TSLA,309.26,0.0,,3.65
2025-08-05 00:00:00,TSLA,308.72,0.0,,3.65
2025-08-06 00:00:00,TSLA,319.91,0.0,,3.65
2025-08-07 00:00:00,TSLA,322.27,0.0,,3.65
2025-08-08 00:00:00,TSLA,329.65,0.0,,3.65
2025-08-11 00:00:00,TSLA,339.03,0.0,,3.65
2025-08-12 00:00:00,TSLA,340.84,0.0,,3.65
2025-08-13 00:00:00,TSLA,339.38,0.0,,3.65
2025-08-14 00:00:00,TSLA,335.58,0.0,,3.65
2025-08-15 00:00:00,TSLA,330.56,0.0,,3.65
2025-08-18 00:00:00,TSLA,335.16,0.0,,3.65
2025-08-19 00:00:00,TSLA,329.31,0.0,,3.65
2025-08-20 00:00:00,TSLA,323.9,0.0,,3.65
2025-08-21 00:00:00,TSLA,320.11,0.0,,3.65
2025-08-22 00:00:00,TSLA,340.01,0.0,,3.65
2025-08-25 00:00:00,TSLA,346.6,0.0,,3.65
2025-08-26 00:00:00,TSLA,351.67,0.0,,3.65
2025-08-27 00:00:00,TSLA,349.6,0.0,,3.65
2025-08-28 00:00:00,TSLA,345.98,0.0,,3.65
2025-08-29 00:00:00,TSLA,333.87,0.0,,3.65
2025-09-02 00:00:00,TSLA,329.36,0.0,,3.65
2025-09-03 00:00:00,TSLA,334.09,0.0,,3.65
2025-09-04 00:00:00,TSLA,338.53,0.0,,3.65
2025-09-05 00:00:00,TSLA,350.84,0.0,,3.65
2025-09-08 00:00:00,TSLA,346.4,0.0,,3.65
2025-09-09 00:00:00,TSLA,346.97,0.0,,3.65
2025-09-10 00:00:00,TSLA,347.79,0.0,,3.65
2025-09-11 00:00:00,TSLA,368.81,0.0,,3.65
2025-09-12 00:00:00,TSLA,395.94,0.0,,3.65
2025-09-15 00:00:00,TSLA,410.04,0.0,,3.65
2025-09-16 00:00:00,TSLA,421.62,0.0,,3.65
2025-09-17 00:00:00,TSLA,425.86,0.0,,3.65
2025-09-18 00:00:00,TSLA,416.85,0.0,,3.65
2025-09-19 00:00:00,TSLA,426.07,0.0,,3.65
2025-09-22 00:00:00,TSLA,434.21,0.0,,3.65
2025-09-23 00:00:00,TSLA,425.85,0.0,,3.65
2025-09-24 00:00:00,TSLA,442.79,0.0,,3.65
2025-09-25 00:00:00,TSLA,423.39,0.0,,3.65
2025-09-26 00:00:00,TSLA,440.4,0.0,,3.65
2025-09-29 00:00:00,TSLA,443.21,0.0,,3.65
2025-09-30 00:00:00,TSLA,444.72,0.0,,3.65
2025-10-01 00:00:00,TSLA,459.46,0.0,,3.65
2025-10-02 00:00:00,TSLA,436.0,0.0,,3.65
2025-10-03 00:00:00,TSLA,429.83,0.0,,3.65
2025-10-06 00:00:00,TSLA,453.25,0.0,,3.65
2025-10-07 00:00:00,TSLA,433.09,0.0,,3.65
2025-10-08 00:00:00,TSLA,438.69,0.0,,3.65
2025-10-09 00:00:00,TSLA,435.54,0.0,,3.65
2025-10-10 00:00:00,TSLA,413.49,0.0,,3.65
2025-10-13 00:00:00,TSLA,435.9,0.0,,3.65
2025-10-14 00:00:00,TSLA,429.24,0.0,,3.65
2025-10-15 00:00:00,TSLA,435.15,0.0,,3.65
2025-10-16 00:00:00,TSLA,428.75,0.0,,3.65
2025-10-17 00:00:00,TSLA,439.31,0.0,,3.65
2025-10-20 00:00:00,TSLA,447.43,0.0,,3.65
2025-10-21 00:00:00,TSLA,442.6,0.0,,3.65
2025-10-22 00:00:00,TSLA,438.97,0.0,,3.65
2025-10-23 00:00:00,TSLA,448.98,0.0,,3.65
2025-10-24 00:00:00,TSLA,433.72,0.0,,3.65
2025-10-27 00:00:00,TSLA,452.42,0.0,,3.65
2025-10-28 00:00:00,TSLA,460.55,0.0,,3.65
2025-10-29 00:00:00,TSLA,461.51,0.0,,3.65
2025-10-30 00:00:00,TSLA,440.1,0.0,,3.65
2025-10-31 00:00:00,TSLA,456.56,0.0,,3.65
2025-11-03 00:00:00,TSLA,468.37,0.0,,3.65
2025-11-04 00:00:00,TSLA,444.26,0.0,,3.65
2025-11-05 00:00:00,TSLA,462.07,0.0,,3.65
2025-11-06 00:00:00,TSLA,445.91,0.0,,3.65
2025-11-07 00:00:00,TSLA,429.52,0.0,,3.65
2025-11-10 00:00:00,TSLA,445.23,0.0,,3.65
2025-11-11 00:00:00,TSLA,439.62,0.0,,3.65
2025-11-12 00:00:00,TSLA,430.6,0.0,,3.65
2025-11-13 00:00:00,TSLA,401.99,0.0,,3.65
2025-11-14 00:00:00,TSLA,404.35,0.0,,3.65
2025-11-17 00:00:00,TSLA,408.92,0.0,,3.65
2025-11-18 00:00:00,TSLA,401.25,0.0,,3.65
2025-11-19 00:00:00,TSLA,403.99,0.0,,3.65
2025-11-20 00:00:00,TSLA,395.23,0.0,,3.65
2025-11-21 00:00:00,TSLA,391.09,0.0,,3.65
2025-11-24 00:00:00,TSLA,417.78,0.0,,3.65
2025-11-25 00:00:00,TSLA,419.4,0.0,,3.65
2025-11-26 00:00:00,TSLA,426.58,0.0,,3.65
2025-11-28 00:00:00,TSLA,430.17,0.0,,3.65
2025-12-01 00:00:00,TSLA,430.14,0.0,,3.65
2025-12-02 00:00:00,TSLA,429.24,0.0,,3.65
2025-12-03 00:00:00,TSLA,446.74,0.0,,3.65
2025-12-04 00:00:00,TSLA,454.53,0.0,,3.65
2025-12-05 00:00:00,TSLA,455.0,0.0,,3.65
2025-12-08 00:00:00,TSLA,439.58,0.0,,3.65
2025-12-09 00:00:00,TSLA,445.17,0.0,,3.65
2025-12-10 00:00:00,TSLA,451.45,0.0,,3.65
2025-12-11 00:00:00,TSLA,446.89,0.0,,3.65
2025-12-12 00:00:00,TSLA,458.96,0.0,,3.65
2025-12-15 00:00:00,TSLA,475.31,0.0,,3.65
2025-12-16 00:00:00,TSLA,489.88,0.0,,3.65
2025-12-17 00:00:00,TSLA,467.26,0.0,,3.65
2025-12-18 00:00:00,TSLA,483.37,0.0,,3.65
2025-12-19 00:00:00,TSLA,481.2,0.0,,3.65
2025-12-22 00:00:00,TSLA,488.73,0.0,,3.65
2025-12-23 00:00:00,TSLA,485.56,0.0,,3.65
2025-12-24 00:00:00,TSLA,485.4,0.0,,3.65
2025-12-26 00:00:00,TSLA,475.19,0.0,,3.65
2025-12-29 00:00:00,TSLA,459.64,0.0,,3.65
2025-12-30 00:00:00,TSLA,454.43,0.0,,3.65
2025-12-31 00:00:00,TSLA,449.72,0.0,,3.65
2026-01-02 00:00:00,TSLA,438.07,0.0,,3.65
2026-01-05 00:00:00,TSLA,451.67,0.0,,3.65
2026-01-06 00:00:00,TSLA,432.96,0.0,,3.65
2026-01-07 00:00:00,TSLA,431.41,0.0,,3.65
2026-01-08 00:00:00,TSLA,435.8,0.0,,3.65
2026-01-09 00:00:00,TSLA,445.01,0.0,,3.65
2026-01-12 00:00:00,TSLA,448.96,0.0,,3.65
2026-01-13 00:00:00,TSLA,447.2,0.0,,3.65
2026-01-14 00:00:00,TSLA,439.2,0.0,,3.65
2026-01-15 00:00:00,TSLA,438.57,0.0,,3.65
2026-01-16 00:00:00,TSLA,437.5,0.0,,3.65
2026-01-20 00:00:00,TSLA,419.25,0.0,,3.65
2026-01-21 00:00:00,TSLA,431.44,0.0,,3.65
2026-01-22 00:00:00,TSLA,449.36,0.0,,3.65
2026-01-23 00:00:00,TSLA,449.06,0.0,,3.65
2026-01-26 00:00:00,TSLA,435.2,0.0,,3.65
2026-01-27 00:00:00,TSLA,430.9,0.0,,3.65
2026-01-28 00:00:00,TSLA,431.46,0.0,,3.65
2026-01-29 00:00:00,TSLA,416.56,0.0,,3.65
2026-01-30 00:00:00,TSLA,430.41,0.0,,3.65
2026-02-02 00:00:00,TSLA,421.81,0.0,,3.65
2026-02-03 00:00:00,TSLA,421.96,0.0,,3.65
2026-02-04 00:00:00,TSLA,406.01,0.0,,3.65
2026-02-05 00:00:00,TSLA,397.21,0.0,,3.65
2026-02-06 00:00:00,TSLA,411.11,0.0,,3.65
2026-02-09 00:00:00,TSLA,417.32,0.0,,3.65
2026-02-10 00:00:00,TSLA,425.21,0.0,,3.65
2026-02-11 00:00:00,TSLA,428.27,0.0,,3.65
2026-02-12 00:00:00,TSLA,417.07,0.0,,3.65
2026-02-13 00:00:00,TSLA,417.44,0.0,,3.65
2026-02-17 00:00:00,TSLA,410.63,0.0,,3.65
2026-02-18 00:00:00,TSLA,411.32,0.0,,3.65
2026-02-19 00:00:00,TSLA,411.71,0.0,,3.65
2026-02-20 00:00:00,TSLA,411.82,0.0,,3.65
2026-02-23 00:00:00,TSLA,399.83,0.0,,3.65
2026-02-24 00:00:00,TSLA,402.11,0.0,372.35175,3.65
2026-02-24 16:56:42,TSLA,402.85,0.0,373.03,3.1085
2026-02-24 18:06:43,TSLA,404.36,0.0,374.3,3.1
2026-02-24 19:22:39,TSLA,404.49,0.0,374.57,3.1035
2026-02-24 20:00:42,TSLA,404.87,0.0,374.88,3.1042
2026-02-24 21:50:28,TSLA,408.96,0.0,378.67,3.1067
2026-02-24 22:26:36,TSLA,409.91,0.0,379.55,3.1049
2026-02-24 22:43:03,TSLA,410.09,0.0,379.73,3.1028
2026-02-24 23:41:58,TSLA,409.38,0.0,379.06,3.105
2026-02-25 00:39:33,TSLA,409.38,0.0,379.06,3.1053
2026-02-25 08:52:14,TSLA,409.38,0.0,386.21,3.0991
2026-02-25 16:56:55,TSLA,415.61,0.0,392.09,3.092
2026-02-25 18:12:51,TSLA,414.58,0.0,391.13,3.0891
2026-02-25 20:03:46,TSLA,414.82,0.0,391.33,3.0851
2026-02-25 21:54:52,TSLA,415.98,0.0,392.42,3.0866
2026-02-25 22:42:09,TSLA,415.78,0.0,392.27,3.084
2026-02-25 23:40:17,TSLA,417.4,0.0,393.77,3.0855
2026-02-26 00:40:09,TSLA,417.4,0.0,393.77,3.0869
2026-02-26 11:55:11,TSLA,417.4,0.0,382.94,3.1026
2026-02-26 16:53:42,TSLA,412.36,0.0,378.39,3.1139
2026-02-26 17:58:48,TSLA,409.85,0.0,376.01,3.128
2026-02-26 19:11:40,TSLA,405.47,0.0,372.0,3.1316
